{"cameraMode":{"drawMode":0,"name":"Shaded","section":"Shading Mode"},"sceneLighting":true,"audioPlay":false,"sceneViewState":{"showFog":true,"showMaterialUpdate":false,"showSkybox":true,"showFlares":true,"showImageEffects":true,"showParticleSystems":true},"in2DMode":false,"pivot":{"x":-6.594494819641113,"y":-5.449570655822754,"z":37.506168365478519},"rotation":{"x":0.15937334299087525,"y":-0.09462635219097138,"z":0.015481902286410332,"w":0.9826489090919495},"size":18.07627296447754,"orthographic":false}