{"cameraMode":{"drawMode":0,"name":"Shaded","section":"Shading Mode"},"sceneLighting":false,"audioPlay":false,"sceneViewState":{"showFog":true,"showMaterialUpdate":false,"showSkybox":false,"showFlares":true,"showImageEffects":true,"showParticleSystems":true},"in2DMode":false,"pivot":{"x":2.566905975341797,"y":9.370448112487793,"z":7.65702486038208},"rotation":{"x":0.02792849950492382,"y":-0.9501409530639648,"z":0.08951450139284134,"w":0.2976473569869995},"size":1.2017300128936768,"orthographic":false}